churn_probability,risk_segment,recommended_action
0.03216783699678175,Faible risque,Fidélisation classique
0.654621266009928,Risque élevé,Contact conseiller
0.07427240291553809,Faible risque,Fidélisation classique
0.36832058226037595,Risque moyen,Campagne personnalisée
0.04922385945856968,Faible risque,Fidélisation classique
0.6061402444812263,Risque élevé,Contact conseiller
0.4321311753667651,Risque moyen,Campagne personnalisée
0.07356245803024754,Faible risque,Fidélisation classique
0.05537464184586498,Faible risque,Fidélisation classique
0.5182737804946042,Risque moyen,Campagne personnalisée
0.2203876503791315,Faible risque,Fidélisation classique
0.03597132827406563,Faible risque,Fidélisation classique
0.24176461651997055,Faible risque,Fidélisation classique
0.7217737678288938,Risque élevé,Contact conseiller
0.18859792327982586,Faible risque,Fidélisation classique
0.11605651922861206,Faible risque,Fidélisation classique
0.055091629481473794,Faible risque,Fidélisation classique
0.5940449089328779,Risque moyen,Campagne personnalisée
0.1119582951072824,Faible risque,Fidélisation classique
0.09167515044485375,Faible risque,Fidélisation classique
0.7827072633249447,Risque élevé,Contact conseiller
0.20296617318062435,Faible risque,Fidélisation classique
0.05737263253518713,Faible risque,Fidélisation classique
0.053373013210327606,Faible risque,Fidélisation classique
0.33666130726422555,Risque moyen,Campagne personnalisée
0.25719060548417755,Faible risque,Fidélisation classique
0.5686926815790405,Risque moyen,Campagne personnalisée
0.645318482897179,Risque élevé,Contact conseiller
0.06138383081603864,Faible risque,Fidélisation classique
0.7633656147660548,Risque élevé,Contact conseiller
0.564631779321545,Risque moyen,Campagne personnalisée
0.4362297922178031,Risque moyen,Campagne personnalisée
0.056534706812399575,Faible risque,Fidélisation classique
0.05694629916588456,Faible risque,Fidélisation classique
0.7889049471708328,Risque élevé,Contact conseiller
0.3786099209526606,Risque moyen,Campagne personnalisée
0.5745024961473393,Risque moyen,Campagne personnalisée
0.05482852588327365,Faible risque,Fidélisation classique
0.8469322902875377,Très haut risque,Intervention prioritaire
0.20966628265878196,Faible risque,Fidélisation classique
0.057665374804353825,Faible risque,Fidélisation classique
0.7576198542735514,Risque élevé,Contact conseiller
0.48655377248020737,Risque moyen,Campagne personnalisée
0.07595095058441331,Faible risque,Fidélisation classique
0.06287759974335409,Faible risque,Fidélisation classique
0.39293404723912223,Risque moyen,Campagne personnalisée
0.711937857210932,Risque élevé,Contact conseiller
0.2837518794816823,Faible risque,Fidélisation classique
0.05689180126330255,Faible risque,Fidélisation classique
0.5,Risque moyen,Campagne personnalisée
0.05752924921103212,Faible risque,Fidélisation classique
0.6599133202864728,Risque élevé,Contact conseiller
0.06858020604738863,Faible risque,Fidélisation classique
0.2745908147973248,Faible risque,Fidélisation classique
0.4093096914553764,Risque moyen,Campagne personnalisée
0.6345403081926463,Risque élevé,Contact conseiller
0.08173452953479614,Faible risque,Fidélisation classique
0.06678174678545677,Faible risque,Fidélisation classique
0.09440279294841665,Faible risque,Fidélisation classique
0.054889287831601255,Faible risque,Fidélisation classique
0.04173578754398382,Faible risque,Fidélisation classique
0.06064384980564388,Faible risque,Fidélisation classique
0.17933179312335634,Faible risque,Fidélisation classique
0.1964116642595349,Faible risque,Fidélisation classique
0.3669235519366193,Risque moyen,Campagne personnalisée
0.5101558131754227,Risque moyen,Campagne personnalisée
0.17953136361536431,Faible risque,Fidélisation classique
0.3124323107532145,Risque moyen,Campagne personnalisée
0.12203559320138845,Faible risque,Fidélisation classique
0.7479101897734037,Risque élevé,Contact conseiller
0.05646066731322239,Faible risque,Fidélisation classique
0.05795098200357229,Faible risque,Fidélisation classique
0.7003345195004116,Risque élevé,Contact conseiller
0.19767323119838048,Faible risque,Fidélisation classique
0.054854317074943995,Faible risque,Fidélisation classique
0.05532860262278582,Faible risque,Fidélisation classique
0.05851011777695902,Faible risque,Fidélisation classique
0.539340963483896,Risque moyen,Campagne personnalisée
0.08333558705438393,Faible risque,Fidélisation classique
0.05379627498242364,Faible risque,Fidélisation classique
0.0547907965078953,Faible risque,Fidélisation classique
0.03974070301371918,Faible risque,Fidélisation classique
0.16337688994373653,Faible risque,Fidélisation classique
0.8474543341506185,Très haut risque,Intervention prioritaire
0.05389018881624993,Faible risque,Fidélisation classique
0.3157826392742635,Risque moyen,Campagne personnalisée
0.6708235670876254,Risque élevé,Contact conseiller
0.5898558234685953,Risque moyen,Campagne personnalisée
0.40579298407044906,Risque moyen,Campagne personnalisée
0.07190481782391926,Faible risque,Fidélisation classique
0.6814016725670893,Risque élevé,Contact conseiller
0.2646383208224843,Faible risque,Fidélisation classique
0.05823799950598555,Faible risque,Fidélisation classique
0.6320034195450775,Risque élevé,Contact conseiller
0.5593323109479992,Risque moyen,Campagne personnalisée
0.06185119031003776,Faible risque,Fidélisation classique
0.5,Risque moyen,Campagne personnalisée
0.05958942502164023,Faible risque,Fidélisation classique
0.6799065969171281,Risque élevé,Contact conseiller
0.07335541813661876,Faible risque,Fidélisation classique
0.7449567771728143,Risque élevé,Contact conseiller
0.6643324493263577,Risque élevé,Contact conseiller
0.5355965588696775,Risque moyen,Campagne personnalisée
0.36568266504567776,Risque moyen,Campagne personnalisée
0.27064431717444704,Faible risque,Fidélisation classique
0.0538622759467731,Faible risque,Fidélisation classique
0.06605457227200755,Faible risque,Fidélisation classique
0.0707152286198415,Faible risque,Fidélisation classique
0.05935734487646239,Faible risque,Fidélisation classique
0.06495617702250106,Faible risque,Fidélisation classique
0.059734617729396956,Faible risque,Fidélisation classique
0.6469107840587327,Risque élevé,Contact conseiller
0.20027516982952168,Faible risque,Fidélisation classique
0.468113009740635,Risque moyen,Campagne personnalisée
0.5410716723489106,Risque moyen,Campagne personnalisée
0.04129650722637266,Faible risque,Fidélisation classique
0.5418262565816698,Risque moyen,Campagne personnalisée
0.4498413478975281,Risque moyen,Campagne personnalisée
0.051256138936132206,Faible risque,Fidélisation classique
0.054908578727017474,Faible risque,Fidélisation classique
0.06911199513044948,Faible risque,Fidélisation classique
0.7742565907242501,Risque élevé,Contact conseiller
0.047428425897454655,Faible risque,Fidélisation classique
0.06538229134836177,Faible risque,Fidélisation classique
0.8373183491977665,Très haut risque,Intervention prioritaire
0.044697956461902735,Faible risque,Fidélisation classique
0.4310290577170648,Risque moyen,Campagne personnalisée
0.24842928942215123,Faible risque,Fidélisation classique
0.701529978654072,Risque élevé,Contact conseiller
0.06447660107038453,Faible risque,Fidélisation classique
0.08561140506942974,Faible risque,Fidélisation classique
0.3560333872064714,Risque moyen,Campagne personnalisée
0.07916499546765021,Faible risque,Fidélisation classique
0.1673836460612614,Faible risque,Fidélisation classique
0.08610313632741382,Faible risque,Fidélisation classique
0.3336373071622548,Risque moyen,Campagne personnalisée
0.05463483282609764,Faible risque,Fidélisation classique
0.16611094969026263,Faible risque,Fidélisation classique
0.04059041369393657,Faible risque,Fidélisation classique
0.34949894628742384,Risque moyen,Campagne personnalisée
0.03848859694832756,Faible risque,Fidélisation classique
0.07150173901830094,Faible risque,Fidélisation classique
0.6486037184923477,Risque élevé,Contact conseiller
0.06694413556523798,Faible risque,Fidélisation classique
0.053796780880612335,Faible risque,Fidélisation classique
0.05257132623090241,Faible risque,Fidélisation classique
0.06648552270435336,Faible risque,Fidélisation classique
0.29334402390105824,Faible risque,Fidélisation classique
0.5405672783132619,Risque moyen,Campagne personnalisée
0.3433424736137731,Risque moyen,Campagne personnalisée
0.06136520586342109,Faible risque,Fidélisation classique
0.4476946324058595,Risque moyen,Campagne personnalisée
0.13156469460983897,Faible risque,Fidélisation classique
0.34447675841359826,Risque moyen,Campagne personnalisée
0.8046269557996686,Très haut risque,Intervention prioritaire
0.3209589611834638,Risque moyen,Campagne personnalisée
0.5849983390183036,Risque moyen,Campagne personnalisée
0.4473763206441861,Risque moyen,Campagne personnalisée
0.669812366144531,Risque élevé,Contact conseiller
0.6034199423183727,Risque élevé,Contact conseiller
0.05528258943168878,Faible risque,Fidélisation classique
0.17235822233968082,Faible risque,Fidélisation classique
0.05472684080192902,Faible risque,Fidélisation classique
0.05657028104949979,Faible risque,Fidélisation classique
0.12513205585697712,Faible risque,Fidélisation classique
0.07309706061499477,Faible risque,Fidélisation classique
0.08064658150280707,Faible risque,Fidélisation classique
0.08163050351633494,Faible risque,Fidélisation classique
0.06906518153795622,Faible risque,Fidélisation classique
0.04474081466313131,Faible risque,Fidélisation classique
0.5329914024301299,Risque moyen,Campagne personnalisée
0.8370273640792034,Très haut risque,Intervention prioritaire
0.1402184826669874,Faible risque,Fidélisation classique
0.08325708039052095,Faible risque,Fidélisation classique
0.32148343842369076,Risque moyen,Campagne personnalisée
0.5853118356523926,Risque moyen,Campagne personnalisée
0.057486195949614245,Faible risque,Fidélisation classique
0.05669901629602814,Faible risque,Fidélisation classique
0.47953058774208424,Risque moyen,Campagne personnalisée
0.28114139884136014,Faible risque,Fidélisation classique
0.6138550518345836,Risque élevé,Contact conseiller
0.13304774686290768,Faible risque,Fidélisation classique
0.722876904857218,Risque élevé,Contact conseiller
0.25227819868523116,Faible risque,Fidélisation classique
0.054389130559482926,Faible risque,Fidélisation classique
0.3667432335950501,Risque moyen,Campagne personnalisée
0.10337300611453364,Faible risque,Fidélisation classique
0.45130057448826605,Risque moyen,Campagne personnalisée
0.10600295637452943,Faible risque,Fidélisation classique
0.06250446475865978,Faible risque,Fidélisation classique
0.2207419007724094,Faible risque,Fidélisation classique
0.613004230348724,Risque élevé,Contact conseiller
0.693252422563149,Risque élevé,Contact conseiller
0.05388362618506081,Faible risque,Fidélisation classique
0.5424926359147082,Risque moyen,Campagne personnalisée
0.4642251273587644,Risque moyen,Campagne personnalisée
0.2491167427349419,Faible risque,Fidélisation classique
0.297224359734294,Faible risque,Fidélisation classique
0.4540379376029781,Risque moyen,Campagne personnalisée
0.5,Risque moyen,Campagne personnalisée
0.19382676003563182,Faible risque,Fidélisation classique
0.05373384428179946,Faible risque,Fidélisation classique
0.05395955772659085,Faible risque,Fidélisation classique
0.0677353897598812,Faible risque,Fidélisation classique
0.07163423557762359,Faible risque,Fidélisation classique
0.13176324394703495,Faible risque,Fidélisation classique
0.14989486324299572,Faible risque,Fidélisation classique
0.07616287094974444,Faible risque,Fidélisation classique
0.0863316272798782,Faible risque,Fidélisation classique
0.05563990618648902,Faible risque,Fidélisation classique
0.12372862725858297,Faible risque,Fidélisation classique
0.5403209744285051,Risque moyen,Campagne personnalisée
0.21530346878417805,Faible risque,Fidélisation classique
0.05721363572728623,Faible risque,Fidélisation classique
0.0630574734569762,Faible risque,Fidélisation classique
0.42055447502733345,Risque moyen,Campagne personnalisée
0.041919611530901735,Faible risque,Fidélisation classique
0.4717228222726648,Risque moyen,Campagne personnalisée
0.5451084475582945,Risque moyen,Campagne personnalisée
0.11393756390695162,Faible risque,Fidélisation classique
0.15093888476482745,Faible risque,Fidélisation classique
0.15300260524454834,Faible risque,Fidélisation classique
0.29156629954741975,Faible risque,Fidélisation classique
0.06202306590206373,Faible risque,Fidélisation classique
0.6573233666814974,Risque élevé,Contact conseiller
0.08029047170454959,Faible risque,Fidélisation classique
0.05351987034690689,Faible risque,Fidélisation classique
0.07429700370126345,Faible risque,Fidélisation classique
0.7076742091177411,Risque élevé,Contact conseiller
0.7788460421444412,Risque élevé,Contact conseiller
0.0938316164272909,Faible risque,Fidélisation classique
0.5796483103198747,Risque moyen,Campagne personnalisée
0.5110390592203348,Risque moyen,Campagne personnalisée
0.06686813957595013,Faible risque,Fidélisation classique
0.7731448339663737,Risque élevé,Contact conseiller
0.7435948984973583,Risque élevé,Contact conseiller
0.30180753927897647,Risque moyen,Campagne personnalisée
0.26893247816992266,Faible risque,Fidélisation classique
0.12359954121995143,Faible risque,Fidélisation classique
0.537719276458324,Risque moyen,Campagne personnalisée
0.5807345497291926,Risque moyen,Campagne personnalisée
0.5341203499823419,Risque moyen,Campagne personnalisée
0.12160383453331934,Faible risque,Fidélisation classique
0.09385200232688055,Faible risque,Fidélisation classique
0.5836255618103878,Risque moyen,Campagne personnalisée
0.4280944987662255,Risque moyen,Campagne personnalisée
0.4572719881921652,Risque moyen,Campagne personnalisée
0.05604787161121204,Faible risque,Fidélisation classique
0.058769149441777316,Faible risque,Fidélisation classique
0.5576558893791849,Risque moyen,Campagne personnalisée
0.057756649643524616,Faible risque,Fidélisation classique
0.06262641564963337,Faible risque,Fidélisation classique
0.06895040853978582,Faible risque,Fidélisation classique
0.05727378863815483,Faible risque,Fidélisation classique
0.3524600442347314,Risque moyen,Campagne personnalisée
0.05803202650010554,Faible risque,Fidélisation classique
0.059511945929657716,Faible risque,Fidélisation classique
0.2629480411067992,Faible risque,Fidélisation classique
0.19366234919071823,Faible risque,Fidélisation classique
0.5165790897773364,Risque moyen,Campagne personnalisée
0.46250764424121793,Risque moyen,Campagne personnalisée
0.05999831590465581,Faible risque,Fidélisation classique
0.05618670311633669,Faible risque,Fidélisation classique
0.07340326549094213,Faible risque,Fidélisation classique
0.7309647140789617,Risque élevé,Contact conseiller
0.1571334653714371,Faible risque,Fidélisation classique
0.5872050871309165,Risque moyen,Campagne personnalisée
0.04751982698198937,Faible risque,Fidélisation classique
0.36918112880397574,Risque moyen,Campagne personnalisée
0.6610594492744422,Risque élevé,Contact conseiller
0.3098413849432155,Risque moyen,Campagne personnalisée
0.05773278759176614,Faible risque,Fidélisation classique
0.43216103347994883,Risque moyen,Campagne personnalisée
0.2636786990675089,Faible risque,Fidélisation classique
0.03585007788422793,Faible risque,Fidélisation classique
0.6270873259256153,Risque élevé,Contact conseiller
0.7958467693038535,Risque élevé,Contact conseiller
0.6571820259162151,Risque élevé,Contact conseiller
0.8448893199718334,Très haut risque,Intervention prioritaire
0.06431059458685928,Faible risque,Fidélisation classique
0.45093242941205647,Risque moyen,Campagne personnalisée
0.06310927337397415,Faible risque,Fidélisation classique
0.5567054145288652,Risque moyen,Campagne personnalisée
0.05825618762559306,Faible risque,Fidélisation classique
0.4902008032557477,Risque moyen,Campagne personnalisée
0.6977882292739532,Risque élevé,Contact conseiller
0.24245766638832694,Faible risque,Fidélisation classique
0.06814942955254813,Faible risque,Fidélisation classique
0.6007732461978881,Risque élevé,Contact conseiller
0.057869397717264584,Faible risque,Fidélisation classique
0.08458574997140489,Faible risque,Fidélisation classique
0.20426131340702988,Faible risque,Fidélisation classique
0.029320158207656526,Faible risque,Fidélisation classique
0.10696917960586164,Faible risque,Fidélisation classique
0.06187479267849196,Faible risque,Fidélisation classique
0.1812899746824083,Faible risque,Fidélisation classique
0.3544874459061655,Risque moyen,Campagne personnalisée
0.05967062871203396,Faible risque,Fidélisation classique
0.060831208496860384,Faible risque,Fidélisation classique
0.0676537610994722,Faible risque,Fidélisation classique
0.05683004962399602,Faible risque,Fidélisation classique
0.2832892281441204,Faible risque,Fidélisation classique
0.6025701532660908,Risque élevé,Contact conseiller
0.047646842641422556,Faible risque,Fidélisation classique
0.7503528396344544,Risque élevé,Contact conseiller
0.2334315340961662,Faible risque,Fidélisation classique
0.061367794219195,Faible risque,Fidélisation classique
0.10811425294255324,Faible risque,Fidélisation classique
0.09152226221395837,Faible risque,Fidélisation classique
0.07274850257523166,Faible risque,Fidélisation classique
0.5730591781502413,Risque moyen,Campagne personnalisée
0.575679890270668,Risque moyen,Campagne personnalisée
0.11876683396212133,Faible risque,Fidélisation classique
0.0590120157489997,Faible risque,Fidélisation classique
0.06877163858244055,Faible risque,Fidélisation classique
0.05891563830393398,Faible risque,Fidélisation classique
0.09070242656558915,Faible risque,Fidélisation classique
0.09773714652820716,Faible risque,Fidélisation classique
0.09814622458159113,Faible risque,Fidélisation classique
0.6383075531500817,Risque élevé,Contact conseiller
0.5,Risque moyen,Campagne personnalisée
0.6979588377308733,Risque élevé,Contact conseiller
0.5,Risque moyen,Campagne personnalisée
0.0632944741824784,Faible risque,Fidélisation classique
0.459653663888945,Risque moyen,Campagne personnalisée
0.08325920924046547,Faible risque,Fidélisation classique
0.047533089895009796,Faible risque,Fidélisation classique
0.5619897085820286,Risque moyen,Campagne personnalisée
0.09715854487914205,Faible risque,Fidélisation classique
0.042718321940898425,Faible risque,Fidélisation classique
0.08538664115737152,Faible risque,Fidélisation classique
0.14208733228481224,Faible risque,Fidélisation classique
0.09558808803529785,Faible risque,Fidélisation classique
0.06289040127221994,Faible risque,Fidélisation classique
0.036017228516187806,Faible risque,Fidélisation classique
0.05551793831453306,Faible risque,Fidélisation classique
0.6507542117759121,Risque élevé,Contact conseiller
0.12989600312898195,Faible risque,Fidélisation classique
0.05479154531845382,Faible risque,Fidélisation classique
0.05447525308681554,Faible risque,Fidélisation classique
0.04839844251808687,Faible risque,Fidélisation classique
0.8316190531934424,Très haut risque,Intervention prioritaire
0.20550291541356952,Faible risque,Fidélisation classique
0.47527229813261057,Risque moyen,Campagne personnalisée
0.8518541023714009,Très haut risque,Intervention prioritaire
0.09573256456678972,Faible risque,Fidélisation classique
0.05704841718368404,Faible risque,Fidélisation classique
0.5975474274573978,Risque moyen,Campagne personnalisée
0.25405837448410057,Faible risque,Fidélisation classique
0.7044007633168546,Risque élevé,Contact conseiller
0.10136181500094041,Faible risque,Fidélisation classique
0.06682244177760911,Faible risque,Fidélisation classique
0.11516863752334015,Faible risque,Fidélisation classique
0.29651754625163645,Faible risque,Fidélisation classique
0.0561527472211004,Faible risque,Fidélisation classique
0.28231244301330827,Faible risque,Fidélisation classique
0.05986999305491971,Faible risque,Fidélisation classique
0.5352746816567535,Risque moyen,Campagne personnalisée
0.05449522343849036,Faible risque,Fidélisation classique
0.6826865298674013,Risque élevé,Contact conseiller
0.4762596140707544,Risque moyen,Campagne personnalisée
0.06042862957434659,Faible risque,Fidélisation classique
0.08711192685127733,Faible risque,Fidélisation classique
0.19604309682340332,Faible risque,Fidélisation classique
0.12187362822402877,Faible risque,Fidélisation classique
0.040235341708000694,Faible risque,Fidélisation classique
0.2309617122274401,Faible risque,Fidélisation classique
0.08496006183900265,Faible risque,Fidélisation classique
0.057692897173496925,Faible risque,Fidélisation classique
0.5516113421680378,Risque moyen,Campagne personnalisée
0.45479052787393814,Risque moyen,Campagne personnalisée
0.6622299309954676,Risque élevé,Contact conseiller
0.36200696708357233,Risque moyen,Campagne personnalisée
0.2896506642820747,Faible risque,Fidélisation classique
0.2222918773157928,Faible risque,Fidélisation classique
0.10985677864926492,Faible risque,Fidélisation classique
0.12688475094164792,Faible risque,Fidélisation classique
0.3433337465202268,Risque moyen,Campagne personnalisée
0.081176875617758,Faible risque,Fidélisation classique
0.05331902128816903,Faible risque,Fidélisation classique
0.06796955541042592,Faible risque,Fidélisation classique
0.07791493121008132,Faible risque,Fidélisation classique
0.053141816546269774,Faible risque,Fidélisation classique
0.5426967821660016,Risque moyen,Campagne personnalisée
0.2930883824419801,Faible risque,Fidélisation classique
0.31347693538659666,Risque moyen,Campagne personnalisée
0.47109116299418935,Risque moyen,Campagne personnalisée
0.6845365894761223,Risque élevé,Contact conseiller
0.056015846974588564,Faible risque,Fidélisation classique
0.43578758569733417,Risque moyen,Campagne personnalisée
0.05605794392928028,Faible risque,Fidélisation classique
0.1423116679566457,Faible risque,Fidélisation classique
0.34743854602202917,Risque moyen,Campagne personnalisée
0.06112625381831851,Faible risque,Fidélisation classique
0.3213857669772766,Risque moyen,Campagne personnalisée
0.07020734455261513,Faible risque,Fidélisation classique
0.06638512262287054,Faible risque,Fidélisation classique
0.05954776086591355,Faible risque,Fidélisation classique
0.056051392449493975,Faible risque,Fidélisation classique
0.6751231923665401,Risque élevé,Contact conseiller
0.03375295722729974,Faible risque,Fidélisation classique
0.09527879124521021,Faible risque,Fidélisation classique
0.3045669195799912,Risque moyen,Campagne personnalisée
0.14318657589121264,Faible risque,Fidélisation classique
0.05401134860215244,Faible risque,Fidélisation classique
0.33106672971857937,Risque moyen,Campagne personnalisée
0.057129562221790005,Faible risque,Fidélisation classique
0.2798266190488294,Faible risque,Fidélisation classique
0.6545398719985831,Risque élevé,Contact conseiller
0.07714342872764147,Faible risque,Fidélisation classique
0.09777505489325414,Faible risque,Fidélisation classique
0.6469765681427866,Risque élevé,Contact conseiller
0.66956232381695,Risque élevé,Contact conseiller
0.5,Risque moyen,Campagne personnalisée
0.19785245448489233,Faible risque,Fidélisation classique
0.2182440993358824,Faible risque,Fidélisation classique
0.08457067681781595,Faible risque,Fidélisation classique
0.8081459202128829,Très haut risque,Intervention prioritaire
0.05878961492932378,Faible risque,Fidélisation classique
0.30662072030324455,Risque moyen,Campagne personnalisée
0.08224773201388513,Faible risque,Fidélisation classique
0.17391101754132282,Faible risque,Fidélisation classique
0.3208381581402612,Risque moyen,Campagne personnalisée
0.4260749858825838,Risque moyen,Campagne personnalisée
0.05534554200221637,Faible risque,Fidélisation classique
0.08610537245758203,Faible risque,Fidélisation classique
0.4654758867812572,Risque moyen,Campagne personnalisée
0.6819897454220961,Risque élevé,Contact conseiller
0.05387048799291106,Faible risque,Fidélisation classique
0.05595304524107071,Faible risque,Fidélisation classique
0.057116108080443644,Faible risque,Fidélisation classique
0.09614605928261524,Faible risque,Fidélisation classique
0.060844743980937546,Faible risque,Fidélisation classique
0.14785199647722655,Faible risque,Fidélisation classique
0.151188965403142,Faible risque,Fidélisation classique
0.7957608366544828,Risque élevé,Contact conseiller
0.04215959289776789,Faible risque,Fidélisation classique
0.08009764089065914,Faible risque,Fidélisation classique
0.15730113089267841,Faible risque,Fidélisation classique
0.1684456898799923,Faible risque,Fidélisation classique
0.07350950977043272,Faible risque,Fidélisation classique
0.5580948107077469,Risque moyen,Campagne personnalisée
0.13754587267048404,Faible risque,Fidélisation classique
0.1159664821903199,Faible risque,Fidélisation classique
0.07803729818975269,Faible risque,Fidélisation classique
0.17496230645163874,Faible risque,Fidélisation classique
0.042913504529527975,Faible risque,Fidélisation classique
0.04528570944410961,Faible risque,Fidélisation classique
0.47495168445052177,Risque moyen,Campagne personnalisée
0.6190852609686787,Risque élevé,Contact conseiller
0.45898161225399503,Risque moyen,Campagne personnalisée
0.07856260238001914,Faible risque,Fidélisation classique
0.11942939433343565,Faible risque,Fidélisation classique
0.07619085002238851,Faible risque,Fidélisation classique
0.7596345713605342,Risque élevé,Contact conseiller
0.055010645911328045,Faible risque,Fidélisation classique
0.3534445393192506,Risque moyen,Campagne personnalisée
0.05814948931643073,Faible risque,Fidélisation classique
0.05105878792971574,Faible risque,Fidélisation classique
0.20318495059650762,Faible risque,Fidélisation classique
0.056482022474664474,Faible risque,Fidélisation classique
0.06836954292785757,Faible risque,Fidélisation classique
0.1393560461481513,Faible risque,Fidélisation classique
0.043254759288934005,Faible risque,Fidélisation classique
0.03610723809902784,Faible risque,Fidélisation classique
0.09155300705920233,Faible risque,Fidélisation classique
0.07353581669990826,Faible risque,Fidélisation classique
0.408910335303773,Risque moyen,Campagne personnalisée
0.07076936036832787,Faible risque,Fidélisation classique
0.10182559775253479,Faible risque,Fidélisation classique
0.2184918970529263,Faible risque,Fidélisation classique
0.18080826230571637,Faible risque,Fidélisation classique
0.14971553342354973,Faible risque,Fidélisation classique
0.0518302160226586,Faible risque,Fidélisation classique
0.11937250483800793,Faible risque,Fidélisation classique
0.05595752735246235,Faible risque,Fidélisation classique
0.22666062922418728,Faible risque,Fidélisation classique
0.409111318164549,Risque moyen,Campagne personnalisée
0.5144781223886704,Risque moyen,Campagne personnalisée
0.583185054455106,Risque moyen,Campagne personnalisée
0.6301962359915702,Risque élevé,Contact conseiller
0.462376331613932,Risque moyen,Campagne personnalisée
0.05570269428048344,Faible risque,Fidélisation classique
0.15487579617733352,Faible risque,Fidélisation classique
0.6446507700199732,Risque élevé,Contact conseiller
0.060627086881728576,Faible risque,Fidélisation classique
0.05255398703284566,Faible risque,Fidélisation classique
0.05268627598871879,Faible risque,Fidélisation classique
0.7676555099183158,Risque élevé,Contact conseiller
0.27575923099805366,Faible risque,Fidélisation classique
0.4831853831691577,Risque moyen,Campagne personnalisée
0.7387313614880129,Risque élevé,Contact conseiller
0.08694966042125567,Faible risque,Fidélisation classique
0.5201540639707725,Risque moyen,Campagne personnalisée
0.056153011314748466,Faible risque,Fidélisation classique
0.5511076376677077,Risque moyen,Campagne personnalisée
0.1709962932929427,Faible risque,Fidélisation classique
0.4553656919936338,Risque moyen,Campagne personnalisée
0.05918251553586738,Faible risque,Fidélisation classique
0.618804080968439,Risque élevé,Contact conseiller
0.06052534799143979,Faible risque,Fidélisation classique
0.25874381154036585,Faible risque,Fidélisation classique
0.6530536799131903,Risque élevé,Contact conseiller
0.05573325863983625,Faible risque,Fidélisation classique
0.070931905443839,Faible risque,Fidélisation classique
0.06168158727664336,Faible risque,Fidélisation classique
0.3398535828891009,Risque moyen,Campagne personnalisée
0.05441558027329494,Faible risque,Fidélisation classique
0.47574414451115266,Risque moyen,Campagne personnalisée
0.04535573936154881,Faible risque,Fidélisation classique
0.8058904442308326,Très haut risque,Intervention prioritaire
0.06488182985546777,Faible risque,Fidélisation classique
0.08479840370004138,Faible risque,Fidélisation classique
0.07284194350821689,Faible risque,Fidélisation classique
0.2792775254063969,Faible risque,Fidélisation classique
0.08407517086664708,Faible risque,Fidélisation classique
0.055608318930357795,Faible risque,Fidélisation classique
0.18451806261076936,Faible risque,Fidélisation classique
0.4621000991470637,Risque moyen,Campagne personnalisée
0.10479610303324548,Faible risque,Fidélisation classique
0.06349197363002632,Faible risque,Fidélisation classique
0.22891197579650438,Faible risque,Fidélisation classique
0.07650566207535049,Faible risque,Fidélisation classique
0.5,Risque moyen,Campagne personnalisée
0.11360917979098382,Faible risque,Fidélisation classique
0.542765922689692,Risque moyen,Campagne personnalisée
0.059655606070249,Faible risque,Fidélisation classique
0.08468114679101979,Faible risque,Fidélisation classique
0.2928129936506096,Faible risque,Fidélisation classique
0.05494803220555279,Faible risque,Fidélisation classique
0.5404466848496497,Risque moyen,Campagne personnalisée
0.05964055718453837,Faible risque,Fidélisation classique
0.19932707264285476,Faible risque,Fidélisation classique
0.6032037514301828,Risque élevé,Contact conseiller
0.1503660678843009,Faible risque,Fidélisation classique
0.2368651132218011,Faible risque,Fidélisation classique
0.3028928820526994,Risque moyen,Campagne personnalisée
0.056360868592393455,Faible risque,Fidélisation classique
0.744654099025934,Risque élevé,Contact conseiller
0.23859738123870225,Faible risque,Fidélisation classique
0.30099331914365124,Risque moyen,Campagne personnalisée
0.0718899016403552,Faible risque,Fidélisation classique
0.7187962829158959,Risque élevé,Contact conseiller
0.12529094298948357,Faible risque,Fidélisation classique
0.44411442724505895,Risque moyen,Campagne personnalisée
0.07403832174518667,Faible risque,Fidélisation classique
0.06116076099112155,Faible risque,Fidélisation classique
0.09849627562370998,Faible risque,Fidélisation classique
0.5355725977417749,Risque moyen,Campagne personnalisée
0.05667460591821314,Faible risque,Fidélisation classique
0.0710126703531645,Faible risque,Fidélisation classique
0.05775391377169664,Faible risque,Fidélisation classique
0.5573460887441468,Risque moyen,Campagne personnalisée
0.14058630072028108,Faible risque,Fidélisation classique
0.05628920768436203,Faible risque,Fidélisation classique
0.7590067184319317,Risque élevé,Contact conseiller
0.536570079978728,Risque moyen,Campagne personnalisée
0.31983392149505413,Risque moyen,Campagne personnalisée
0.11452942534496485,Faible risque,Fidélisation classique
0.46199858687367007,Risque moyen,Campagne personnalisée
0.06547876702833591,Faible risque,Fidélisation classique
0.268463239729252,Faible risque,Fidélisation classique
0.18174901348866804,Faible risque,Fidélisation classique
0.05181746420650003,Faible risque,Fidélisation classique
0.05983453771860328,Faible risque,Fidélisation classique
0.6000977605053094,Risque élevé,Contact conseiller
0.601628507036278,Risque élevé,Contact conseiller
0.5530967433848653,Risque moyen,Campagne personnalisée
0.7809469678469474,Risque élevé,Contact conseiller
0.5850107903475977,Risque moyen,Campagne personnalisée
0.05861547453228758,Faible risque,Fidélisation classique
0.40324490481327024,Risque moyen,Campagne personnalisée
0.6089572030820748,Risque élevé,Contact conseiller
0.6754009012704771,Risque élevé,Contact conseiller
0.05430656298298202,Faible risque,Fidélisation classique
0.09445482294228015,Faible risque,Fidélisation classique
0.34165788388446117,Risque moyen,Campagne personnalisée
0.2184939172635016,Faible risque,Fidélisation classique
0.05425810498809378,Faible risque,Fidélisation classique
0.08495397331613888,Faible risque,Fidélisation classique
0.05552376514826489,Faible risque,Fidélisation classique
0.6089497065430296,Risque élevé,Contact conseiller
0.0555516818843025,Faible risque,Fidélisation classique
0.05399105151406181,Faible risque,Fidélisation classique
0.10319178731024573,Faible risque,Fidélisation classique
0.12866758614407106,Faible risque,Fidélisation classique
0.7415163929352784,Risque élevé,Contact conseiller
0.18647305460909247,Faible risque,Fidélisation classique
0.053964415123979384,Faible risque,Fidélisation classique
0.627626765776744,Risque élevé,Contact conseiller
0.2101427544485509,Faible risque,Fidélisation classique
0.5391032697334385,Risque moyen,Campagne personnalisée
0.13737370018618084,Faible risque,Fidélisation classique
0.634884020014416,Risque élevé,Contact conseiller
0.7859418068071757,Risque élevé,Contact conseiller
0.05210309121711223,Faible risque,Fidélisation classique
0.054430164276927706,Faible risque,Fidélisation classique
0.05819862093919712,Faible risque,Fidélisation classique
0.4797723425241904,Risque moyen,Campagne personnalisée
0.054445160968497455,Faible risque,Fidélisation classique
0.0652020320252638,Faible risque,Fidélisation classique
0.5374538255185228,Risque moyen,Campagne personnalisée
0.057707634689108195,Faible risque,Fidélisation classique
0.6150428607052354,Risque élevé,Contact conseiller
0.6595703183100621,Risque élevé,Contact conseiller
0.05494736268403642,Faible risque,Fidélisation classique
0.1460103943054046,Faible risque,Fidélisation classique
0.29077511570057346,Faible risque,Fidélisation classique
0.07016208730140837,Faible risque,Fidélisation classique
0.06180820986645683,Faible risque,Fidélisation classique
0.055193057889871895,Faible risque,Fidélisation classique
0.07288229808858916,Faible risque,Fidélisation classique
0.08753761615348253,Faible risque,Fidélisation classique
0.15474576402204945,Faible risque,Fidélisation classique
0.24073704641818222,Faible risque,Fidélisation classique
0.19256245080532025,Faible risque,Fidélisation classique
0.03512682226448628,Faible risque,Fidélisation classique
0.05449737906222475,Faible risque,Fidélisation classique
0.8677464103543832,Très haut risque,Intervention prioritaire
0.08396250509381839,Faible risque,Fidélisation classique
0.06167425541261752,Faible risque,Fidélisation classique
0.7321129142504503,Risque élevé,Contact conseiller
0.5336651047123298,Risque moyen,Campagne personnalisée
0.05638588664151438,Faible risque,Fidélisation classique
0.05944812520108552,Faible risque,Fidélisation classique
0.06815898082215423,Faible risque,Fidélisation classique
0.05578054342037528,Faible risque,Fidélisation classique
0.7963563309906764,Risque élevé,Contact conseiller
0.6169918174061876,Risque élevé,Contact conseiller
0.8324714278938933,Très haut risque,Intervention prioritaire
0.7172257705386212,Risque élevé,Contact conseiller
0.08418727222933044,Faible risque,Fidélisation classique
0.5305840701273022,Risque moyen,Campagne personnalisée
0.05967557394520809,Faible risque,Fidélisation classique
0.6583223605608266,Risque élevé,Contact conseiller
0.2003709025017406,Faible risque,Fidélisation classique
0.06079982842168654,Faible risque,Fidélisation classique
0.06640943123291282,Faible risque,Fidélisation classique
0.11818154525153778,Faible risque,Fidélisation classique
0.071699908782058,Faible risque,Fidélisation classique
0.044427717881521625,Faible risque,Fidélisation classique
0.6483787229780867,Risque élevé,Contact conseiller
0.043372887387636026,Faible risque,Fidélisation classique
0.13194669656097324,Faible risque,Fidélisation classique
0.05816003677908579,Faible risque,Fidélisation classique
0.43326809691990176,Risque moyen,Campagne personnalisée
0.19488483431101034,Faible risque,Fidélisation classique
0.7761154015365994,Risque élevé,Contact conseiller
0.7709500758852779,Risque élevé,Contact conseiller
0.07115113185736732,Faible risque,Fidélisation classique
0.3734834947335747,Risque moyen,Campagne personnalisée
0.3134978907355331,Risque moyen,Campagne personnalisée
0.11290121199843355,Faible risque,Fidélisation classique
0.7178412327627409,Risque élevé,Contact conseiller
0.7685281396369243,Risque élevé,Contact conseiller
0.054319075135376385,Faible risque,Fidélisation classique
0.13781158894646472,Faible risque,Fidélisation classique
0.0703050875037127,Faible risque,Fidélisation classique
0.5975738399371009,Risque moyen,Campagne personnalisée
0.060631887724002416,Faible risque,Fidélisation classique
0.15141327494800916,Faible risque,Fidélisation classique
0.05978767155789626,Faible risque,Fidélisation classique
0.037159290647422225,Faible risque,Fidélisation classique
0.7098232821104837,Risque élevé,Contact conseiller
0.0548744438086619,Faible risque,Fidélisation classique
0.09814020686223192,Faible risque,Fidélisation classique
0.5363891593881797,Risque moyen,Campagne personnalisée
0.06647622250404381,Faible risque,Fidélisation classique
0.26356725208100734,Faible risque,Fidélisation classique
0.1370440788145753,Faible risque,Fidélisation classique
0.5,Risque moyen,Campagne personnalisée
0.10885302143740673,Faible risque,Fidélisation classique
0.0614069145446245,Faible risque,Fidélisation classique
0.06751794649928196,Faible risque,Fidélisation classique
0.6246155605662963,Risque élevé,Contact conseiller
0.05686891048195583,Faible risque,Fidélisation classique
0.05873735171927525,Faible risque,Fidélisation classique
0.1858086635287497,Faible risque,Fidélisation classique
0.5690761071072712,Risque moyen,Campagne personnalisée
0.14235122804498268,Faible risque,Fidélisation classique
0.05452156946942003,Faible risque,Fidélisation classique
0.16089889866413914,Faible risque,Fidélisation classique
0.048452729101939464,Faible risque,Fidélisation classique
0.07361013561447974,Faible risque,Fidélisation classique
0.5,Risque moyen,Campagne personnalisée
0.6499709879434169,Risque élevé,Contact conseiller
0.12735259985682687,Faible risque,Fidélisation classique
0.037840141268490696,Faible risque,Fidélisation classique
0.32183955549045173,Risque moyen,Campagne personnalisée
0.31559781184370683,Risque moyen,Campagne personnalisée
0.06165802057984711,Faible risque,Fidélisation classique
0.07505658007565795,Faible risque,Fidélisation classique
0.06027763629872502,Faible risque,Fidélisation classique
0.7397299139684307,Risque élevé,Contact conseiller
0.05919704814748971,Faible risque,Fidélisation classique
0.1633727612794809,Faible risque,Fidélisation classique
0.06542037345118999,Faible risque,Fidélisation classique
0.07253888096280306,Faible risque,Fidélisation classique
0.10353325155880645,Faible risque,Fidélisation classique
0.36228026504096517,Risque moyen,Campagne personnalisée
0.5055805958776001,Risque moyen,Campagne personnalisée
0.06878833639138779,Faible risque,Fidélisation classique
0.08431898866322388,Faible risque,Fidélisation classique
0.05985257699854204,Faible risque,Fidélisation classique
0.1053827722962662,Faible risque,Fidélisation classique
0.05401005027074766,Faible risque,Fidélisation classique
0.14277711796031434,Faible risque,Fidélisation classique
0.6285671395148693,Risque élevé,Contact conseiller
0.05688192016671173,Faible risque,Fidélisation classique
0.03912416157796367,Faible risque,Fidélisation classique
0.8053352541048885,Très haut risque,Intervention prioritaire
0.6686858325733294,Risque élevé,Contact conseiller
0.5,Risque moyen,Campagne personnalisée
0.7049864063214508,Risque élevé,Contact conseiller
0.5574483945876798,Risque moyen,Campagne personnalisée
0.1312718876805006,Faible risque,Fidélisation classique
0.26855763324284254,Faible risque,Fidélisation classique
0.10334195282760977,Faible risque,Fidélisation classique
0.7061901851063156,Risque élevé,Contact conseiller
0.07049243895775448,Faible risque,Fidélisation classique
0.05776281166854104,Faible risque,Fidélisation classique
0.0551723821115438,Faible risque,Fidélisation classique
0.07190752781854183,Faible risque,Fidélisation classique
0.6095267855936128,Risque élevé,Contact conseiller
0.07800890784108352,Faible risque,Fidélisation classique
0.3148409788267507,Risque moyen,Campagne personnalisée
0.6571646041903455,Risque élevé,Contact conseiller
0.06204212574536106,Faible risque,Fidélisation classique
0.7591869437250909,Risque élevé,Contact conseiller
0.533845923756944,Risque moyen,Campagne personnalisée
0.2735073039398943,Faible risque,Fidélisation classique
0.30926873623239126,Risque moyen,Campagne personnalisée
0.042601223936451056,Faible risque,Fidélisation classique
0.7974529050261852,Risque élevé,Contact conseiller
0.522023208830889,Risque moyen,Campagne personnalisée
0.679211004918804,Risque élevé,Contact conseiller
0.12232772127890536,Faible risque,Fidélisation classique
0.2601400730535697,Faible risque,Fidélisation classique
0.05673791090181965,Faible risque,Fidélisation classique
0.05827109879210699,Faible risque,Fidélisation classique
0.830517803720665,Très haut risque,Intervention prioritaire
0.21713053821749345,Faible risque,Fidélisation classique
0.08507997488749486,Faible risque,Fidélisation classique
0.6108244407024483,Risque élevé,Contact conseiller
0.2252192883781026,Faible risque,Fidélisation classique
0.09693860877926444,Faible risque,Fidélisation classique
0.6969798773850349,Risque élevé,Contact conseiller
0.037981065647981586,Faible risque,Fidélisation classique
0.08779140768812599,Faible risque,Fidélisation classique
0.805678233529718,Très haut risque,Intervention prioritaire
0.05381290907829505,Faible risque,Fidélisation classique
0.04501420591132168,Faible risque,Fidélisation classique
0.05480178145787773,Faible risque,Fidélisation classique
0.27359124976117816,Faible risque,Fidélisation classique
0.05775379145188126,Faible risque,Fidélisation classique
0.04055197668854298,Faible risque,Fidélisation classique
0.11261750801275709,Faible risque,Fidélisation classique
0.1023494666200316,Faible risque,Fidélisation classique
0.21938192145769406,Faible risque,Fidélisation classique
0.054203071781850916,Faible risque,Fidélisation classique
0.5676067492017124,Risque moyen,Campagne personnalisée
0.05506961835040818,Faible risque,Fidélisation classique
0.8234640376043997,Très haut risque,Intervention prioritaire
0.3721399612401693,Risque moyen,Campagne personnalisée
0.6596453791963183,Risque élevé,Contact conseiller
0.22164072440236132,Faible risque,Fidélisation classique
0.20357462179681135,Faible risque,Fidélisation classique
0.09770820853948696,Faible risque,Fidélisation classique
0.11996122206369127,Faible risque,Fidélisation classique
0.19002894667067172,Faible risque,Fidélisation classique
0.5204676898384895,Risque moyen,Campagne personnalisée
0.7708716604204368,Risque élevé,Contact conseiller
0.09683532687983076,Faible risque,Fidélisation classique
0.412041025696001,Risque moyen,Campagne personnalisée
0.7095745384637308,Risque élevé,Contact conseiller
0.4090908489507161,Risque moyen,Campagne personnalisée
0.4568437918924012,Risque moyen,Campagne personnalisée
0.10912611109437949,Faible risque,Fidélisation classique
0.12069506972662003,Faible risque,Fidélisation classique
0.053666822398075006,Faible risque,Fidélisation classique
0.07014906149516409,Faible risque,Fidélisation classique
0.08099813224879632,Faible risque,Fidélisation classique
0.09128749287284056,Faible risque,Fidélisation classique
0.38188407398033636,Risque moyen,Campagne personnalisée
0.047298049249983834,Faible risque,Fidélisation classique
0.05274392431904555,Faible risque,Fidélisation classique
0.3332108350914699,Risque moyen,Campagne personnalisée
0.08028505510790541,Faible risque,Fidélisation classique
0.7961978878081524,Risque élevé,Contact conseiller
0.20734617936562078,Faible risque,Fidélisation classique
0.045108723378164156,Faible risque,Fidélisation classique
0.0700550529857879,Faible risque,Fidélisation classique
0.0811913043499175,Faible risque,Fidélisation classique
0.055277412566246936,Faible risque,Fidélisation classique
0.6688326725255527,Risque élevé,Contact conseiller
0.07114625678795218,Faible risque,Fidélisation classique
0.06861708792312145,Faible risque,Fidélisation classique
0.09625201623675565,Faible risque,Fidélisation classique
0.4429160635638837,Risque moyen,Campagne personnalisée
0.3365521832704972,Risque moyen,Campagne personnalisée
0.05356930862160571,Faible risque,Fidélisation classique
0.423694575536117,Risque moyen,Campagne personnalisée
0.03308310828067075,Faible risque,Fidélisation classique
0.1336107503024077,Faible risque,Fidélisation classique
0.07749492243090128,Faible risque,Fidélisation classique
0.053381863287851536,Faible risque,Fidélisation classique
0.5090313868643663,Risque moyen,Campagne personnalisée
0.07943775778987604,Faible risque,Fidélisation classique
0.05983873534873795,Faible risque,Fidélisation classique
0.16082690289537346,Faible risque,Fidélisation classique
0.24314222219334694,Faible risque,Fidélisation classique
0.06464421189443999,Faible risque,Fidélisation classique
0.056841648547926754,Faible risque,Fidélisation classique
0.8131903230816973,Très haut risque,Intervention prioritaire
0.7477690046515634,Risque élevé,Contact conseiller
0.05347711007731828,Faible risque,Fidélisation classique
0.8220929192349166,Très haut risque,Intervention prioritaire
0.48407509229259754,Risque moyen,Campagne personnalisée
0.6025062706986999,Risque élevé,Contact conseiller
0.05355282277167965,Faible risque,Fidélisation classique
0.12486532276178845,Faible risque,Fidélisation classique
0.469598475244662,Risque moyen,Campagne personnalisée
0.10872905990931636,Faible risque,Fidélisation classique
0.12997777880527125,Faible risque,Fidélisation classique
0.034808823078565795,Faible risque,Fidélisation classique
0.1398602001850969,Faible risque,Fidélisation classique
0.6508759809179268,Risque élevé,Contact conseiller
0.05759564016152684,Faible risque,Fidélisation classique
0.7831402932187033,Risque élevé,Contact conseiller
0.45710768659844864,Risque moyen,Campagne personnalisée
0.7401964541637935,Risque élevé,Contact conseiller
0.3651551906169525,Risque moyen,Campagne personnalisée
0.07289698931494604,Faible risque,Fidélisation classique
0.6838179582918779,Risque élevé,Contact conseiller
0.5491644847526914,Risque moyen,Campagne personnalisée
0.06676471197732463,Faible risque,Fidélisation classique
0.054551542846688734,Faible risque,Fidélisation classique
0.05502479378287794,Faible risque,Fidélisation classique
0.07212798212923804,Faible risque,Fidélisation classique
0.494449061147563,Risque moyen,Campagne personnalisée
0.06049313424251163,Faible risque,Fidélisation classique
0.06675830718172933,Faible risque,Fidélisation classique
0.1222737830738534,Faible risque,Fidélisation classique
0.05896229123988737,Faible risque,Fidélisation classique
0.5,Risque moyen,Campagne personnalisée
0.05479553820707178,Faible risque,Fidélisation classique
0.061591053708520666,Faible risque,Fidélisation classique
0.7092847480664192,Risque élevé,Contact conseiller
0.05912666061454136,Faible risque,Fidélisation classique
0.06628171497773559,Faible risque,Fidélisation classique
0.056916713743225,Faible risque,Fidélisation classique
0.05058211891274705,Faible risque,Fidélisation classique
0.43663974508907893,Risque moyen,Campagne personnalisée
0.056430125934342594,Faible risque,Fidélisation classique
0.43772088031541545,Risque moyen,Campagne personnalisée
0.08396250509381839,Faible risque,Fidélisation classique
0.4759092386783601,Risque moyen,Campagne personnalisée
0.10498654865874278,Faible risque,Fidélisation classique
0.23163249375142642,Faible risque,Fidélisation classique
0.05392372682220669,Faible risque,Fidélisation classique
0.06634972654420496,Faible risque,Fidélisation classique
0.08712991029433013,Faible risque,Fidélisation classique
0.05360582830264581,Faible risque,Fidélisation classique
0.4715386863969773,Risque moyen,Campagne personnalisée
0.42363077382924275,Risque moyen,Campagne personnalisée
0.24779181600926162,Faible risque,Fidélisation classique
0.37195912353014665,Risque moyen,Campagne personnalisée
0.05395772826023977,Faible risque,Fidélisation classique
0.04433151767851543,Faible risque,Fidélisation classique
0.05761743195348937,Faible risque,Fidélisation classique
0.21950954533531092,Faible risque,Fidélisation classique
0.2289922600538839,Faible risque,Fidélisation classique
0.7976188869001789,Risque élevé,Contact conseiller
0.3222676586629095,Risque moyen,Campagne personnalisée
0.16292690103183016,Faible risque,Fidélisation classique
0.1454150109097101,Faible risque,Fidélisation classique
0.24118851441785244,Faible risque,Fidélisation classique
0.15466606762255916,Faible risque,Fidélisation classique
0.25133281571907173,Faible risque,Fidélisation classique
0.05418617744041791,Faible risque,Fidélisation classique
0.6852247719923422,Risque élevé,Contact conseiller
0.6561053762197966,Risque élevé,Contact conseiller
0.7635338016450464,Risque élevé,Contact conseiller
0.056613594560049864,Faible risque,Fidélisation classique
0.40786629552729275,Risque moyen,Campagne personnalisée
0.09627223620642612,Faible risque,Fidélisation classique
0.07220126262294542,Faible risque,Fidélisation classique
0.32061857376983566,Risque moyen,Campagne personnalisée
0.550644375862756,Risque moyen,Campagne personnalisée
0.8290228305039904,Très haut risque,Intervention prioritaire
0.16361923543762796,Faible risque,Fidélisation classique
0.1656115327560529,Faible risque,Fidélisation classique
0.2545131520528885,Faible risque,Fidélisation classique
0.17188875079184734,Faible risque,Fidélisation classique
0.6660976246488368,Risque élevé,Contact conseiller
0.05553473144399752,Faible risque,Fidélisation classique
0.3112338845161909,Risque moyen,Campagne personnalisée
0.04414898372285147,Faible risque,Fidélisation classique
0.7342312851729769,Risque élevé,Contact conseiller
0.17474007074066306,Faible risque,Fidélisation classique
0.5632882941278354,Risque moyen,Campagne personnalisée
0.05488103699736728,Faible risque,Fidélisation classique
0.21447536165447756,Faible risque,Fidélisation classique
0.14947679087907603,Faible risque,Fidélisation classique
0.7253570559512401,Risque élevé,Contact conseiller
0.05414030763116742,Faible risque,Fidélisation classique
0.5363968698351077,Risque moyen,Campagne personnalisée
0.6520648811183573,Risque élevé,Contact conseiller
0.21280606893898033,Faible risque,Fidélisation classique
0.12917746063502855,Faible risque,Fidélisation classique
0.08256451532645148,Faible risque,Fidélisation classique
0.7608715833594005,Risque élevé,Contact conseiller
0.04254327932867865,Faible risque,Fidélisation classique
0.537750721980642,Risque moyen,Campagne personnalisée
0.647661900755458,Risque élevé,Contact conseiller
0.06681473261192475,Faible risque,Fidélisation classique
0.09980569056675997,Faible risque,Fidélisation classique
0.242919995453391,Faible risque,Fidélisation classique
0.10049586042482653,Faible risque,Fidélisation classique
0.06744700820816096,Faible risque,Fidélisation classique
0.6523385935669084,Risque élevé,Contact conseiller
0.6939922072259721,Risque élevé,Contact conseiller
0.0692331419944622,Faible risque,Fidélisation classique
0.0950153148879567,Faible risque,Fidélisation classique
0.057620365680734885,Faible risque,Fidélisation classique
0.6195017162233285,Risque élevé,Contact conseiller
0.057593364224620906,Faible risque,Fidélisation classique
0.12006635928922146,Faible risque,Fidélisation classique
0.08436759124788662,Faible risque,Fidélisation classique
0.15074838770361232,Faible risque,Fidélisation classique
0.05943210518167713,Faible risque,Fidélisation classique
0.05618619400634349,Faible risque,Fidélisation classique
0.10723237634586656,Faible risque,Fidélisation classique
0.3231314410963345,Risque moyen,Campagne personnalisée
0.05721071638140806,Faible risque,Fidélisation classique
0.11823630658517562,Faible risque,Fidélisation classique
0.5218163640435453,Risque moyen,Campagne personnalisée
0.05479439437649872,Faible risque,Fidélisation classique
0.602507672301196,Risque élevé,Contact conseiller
0.05672351409055588,Faible risque,Fidélisation classique
0.7898624977687637,Risque élevé,Contact conseiller
0.05952785575721724,Faible risque,Fidélisation classique
0.07664924635197078,Faible risque,Fidélisation classique
0.7417138238224875,Risque élevé,Contact conseiller
0.04493096126442887,Faible risque,Fidélisation classique
0.520603185739239,Risque moyen,Campagne personnalisée
0.26760845252750154,Faible risque,Fidélisation classique
0.7132317419264277,Risque élevé,Contact conseiller
0.7542492295044522,Risque élevé,Contact conseiller
0.655146406605529,Risque élevé,Contact conseiller
0.6130515787973836,Risque élevé,Contact conseiller
0.06206490165053715,Faible risque,Fidélisation classique
0.815245168201038,Très haut risque,Intervention prioritaire
0.05443340726177399,Faible risque,Fidélisation classique
0.7569675219194364,Risque élevé,Contact conseiller
0.0425547278158677,Faible risque,Fidélisation classique
0.3899857357322869,Risque moyen,Campagne personnalisée
0.6782961834949623,Risque élevé,Contact conseiller
0.7684100770425851,Risque élevé,Contact conseiller
0.07000160599989072,Faible risque,Fidélisation classique
0.7665134387273367,Risque élevé,Contact conseiller
0.06122647122180065,Faible risque,Fidélisation classique
0.4632784302919389,Risque moyen,Campagne personnalisée
0.07366861029543957,Faible risque,Fidélisation classique
0.05608616206938611,Faible risque,Fidélisation classique
0.07045691346476435,Faible risque,Fidélisation classique
0.5457100609514965,Risque moyen,Campagne personnalisée
0.40791778135805035,Risque moyen,Campagne personnalisée
0.05643732429136787,Faible risque,Fidélisation classique
0.04256227176229631,Faible risque,Fidélisation classique
0.05985492195715487,Faible risque,Fidélisation classique
0.08437123364081076,Faible risque,Fidélisation classique
0.15986814855900602,Faible risque,Fidélisation classique
0.7603151525834897,Risque élevé,Contact conseiller
0.07051414527723049,Faible risque,Fidélisation classique
0.21927212474188199,Faible risque,Fidélisation classique
0.6600330700830624,Risque élevé,Contact conseiller
0.10430823390244409,Faible risque,Fidélisation classique
0.2851505785726517,Faible risque,Fidélisation classique
0.6492210260867916,Risque élevé,Contact conseiller
0.38323192599672234,Risque moyen,Campagne personnalisée
0.08431387679555832,Faible risque,Fidélisation classique
0.17729948656678157,Faible risque,Fidélisation classique
0.055676454362438586,Faible risque,Fidélisation classique
0.0471147328591493,Faible risque,Fidélisation classique
0.1407264391617028,Faible risque,Fidélisation classique
0.06020139786630216,Faible risque,Fidélisation classique
0.7283748173688521,Risque élevé,Contact conseiller
0.3363543835843048,Risque moyen,Campagne personnalisée
0.26293098680227556,Faible risque,Fidélisation classique
0.03639142017706892,Faible risque,Fidélisation classique
0.055826559301292884,Faible risque,Fidélisation classique
0.1382827780301927,Faible risque,Fidélisation classique
0.6100666573002048,Risque élevé,Contact conseiller
0.5936574765621021,Risque moyen,Campagne personnalisée
0.7555778346652512,Risque élevé,Contact conseiller
0.09891497995484018,Faible risque,Fidélisation classique
0.4218750514578343,Risque moyen,Campagne personnalisée
0.05486107871054827,Faible risque,Fidélisation classique
0.37905169222238716,Risque moyen,Campagne personnalisée
0.38793406135884534,Risque moyen,Campagne personnalisée
0.5633146509553537,Risque moyen,Campagne personnalisée
0.16989957417993146,Faible risque,Fidélisation classique
0.04418667814602094,Faible risque,Fidélisation classique
0.096502329383305,Faible risque,Fidélisation classique
0.3481375348562785,Risque moyen,Campagne personnalisée
0.07016595159491644,Faible risque,Fidélisation classique
0.7043224452384297,Risque élevé,Contact conseiller
0.03641860364063832,Faible risque,Fidélisation classique
0.053382350872693496,Faible risque,Fidélisation classique
0.3902290011449928,Risque moyen,Campagne personnalisée
0.10794254113834018,Faible risque,Fidélisation classique
0.2683092377069965,Faible risque,Fidélisation classique
0.05527891241434348,Faible risque,Fidélisation classique
0.06583944375619934,Faible risque,Fidélisation classique
0.08419210052185687,Faible risque,Fidélisation classique
0.0725090229652948,Faible risque,Fidélisation classique
0.0656436885617073,Faible risque,Fidélisation classique
0.370486589409225,Risque moyen,Campagne personnalisée
0.08406364108260167,Faible risque,Fidélisation classique
0.07911149456380774,Faible risque,Fidélisation classique
0.057264806286236876,Faible risque,Fidélisation classique
0.6326505151379558,Risque élevé,Contact conseiller
0.2721017104923128,Faible risque,Fidélisation classique
0.08497793411239159,Faible risque,Fidélisation classique
0.07722768141726213,Faible risque,Fidélisation classique
0.056079123907756434,Faible risque,Fidélisation classique
0.6483399320877015,Risque élevé,Contact conseiller
0.10437662934346079,Faible risque,Fidélisation classique
0.13345471087534344,Faible risque,Fidélisation classique
0.05767600591586061,Faible risque,Fidélisation classique
0.0531259800555383,Faible risque,Fidélisation classique
0.13677195435377834,Faible risque,Fidélisation classique
0.08577660513088894,Faible risque,Fidélisation classique
0.7025462854845251,Risque élevé,Contact conseiller
0.14954814247396025,Faible risque,Fidélisation classique
0.13781133133973614,Faible risque,Fidélisation classique
0.059514121254806096,Faible risque,Fidélisation classique
0.16394330735192925,Faible risque,Fidélisation classique
0.11694495972310374,Faible risque,Fidélisation classique
0.682428404703524,Risque élevé,Contact conseiller
0.06596419065302239,Faible risque,Fidélisation classique
0.08520310212798243,Faible risque,Fidélisation classique
0.033131509338611934,Faible risque,Fidélisation classique
0.060007296502347235,Faible risque,Fidélisation classique
0.14605673945146852,Faible risque,Fidélisation classique
0.053947376027941724,Faible risque,Fidélisation classique
0.08901474347495557,Faible risque,Fidélisation classique
0.7604090909394124,Risque élevé,Contact conseiller
0.26460439444309825,Faible risque,Fidélisation classique
0.07965853669816149,Faible risque,Fidélisation classique
0.031646839391286125,Faible risque,Fidélisation classique
0.06000719566540348,Faible risque,Fidélisation classique
0.3788866385416472,Risque moyen,Campagne personnalisée
0.05228550518920105,Faible risque,Fidélisation classique
0.04298827991371072,Faible risque,Fidélisation classique
0.5952911799560545,Risque moyen,Campagne personnalisée
0.0558497221308755,Faible risque,Fidélisation classique
0.6426546514681685,Risque élevé,Contact conseiller
0.05575377733484839,Faible risque,Fidélisation classique
0.05002819938313708,Faible risque,Fidélisation classique
0.4204115540432956,Risque moyen,Campagne personnalisée
0.05866241993922581,Faible risque,Fidélisation classique
0.15564457639905996,Faible risque,Fidélisation classique
0.6511645823222424,Risque élevé,Contact conseiller
0.08637812384132186,Faible risque,Fidélisation classique
0.7234497106495658,Risque élevé,Contact conseiller
0.09580042372438476,Faible risque,Fidélisation classique
0.037258411949666635,Faible risque,Fidélisation classique
0.044555426698829115,Faible risque,Fidélisation classique
0.13497573875739421,Faible risque,Fidélisation classique
0.30570506795142033,Risque moyen,Campagne personnalisée
0.3633540895806671,Risque moyen,Campagne personnalisée
0.5755415392397158,Risque moyen,Campagne personnalisée
0.41017331267497464,Risque moyen,Campagne personnalisée
0.1794258853401291,Faible risque,Fidélisation classique
0.06209250566011661,Faible risque,Fidélisation classique
0.11561636892587857,Faible risque,Fidélisation classique
0.37369804437580406,Risque moyen,Campagne personnalisée
0.08102569541626202,Faible risque,Fidélisation classique
0.2001177575955298,Faible risque,Fidélisation classique
0.06197985980301346,Faible risque,Fidélisation classique
0.7185181432026557,Risque élevé,Contact conseiller
0.7637312213214686,Risque élevé,Contact conseiller
0.511806542487661,Risque moyen,Campagne personnalisée
0.44496548229767346,Risque moyen,Campagne personnalisée
0.03532334186155289,Faible risque,Fidélisation classique
0.0375287714652182,Faible risque,Fidélisation classique
0.7315350772615231,Risque élevé,Contact conseiller
0.05918487272727526,Faible risque,Fidélisation classique
0.8647576928562154,Très haut risque,Intervention prioritaire
0.09132874089886418,Faible risque,Fidélisation classique
0.7887479141489209,Risque élevé,Contact conseiller
0.6636137509546265,Risque élevé,Contact conseiller
0.45614820426197344,Risque moyen,Campagne personnalisée
0.06698516213416263,Faible risque,Fidélisation classique
0.06881344881711904,Faible risque,Fidélisation classique
0.08569412394474053,Faible risque,Fidélisation classique
0.06908628356325945,Faible risque,Fidélisation classique
0.05109388139518309,Faible risque,Fidélisation classique
0.04558694072094319,Faible risque,Fidélisation classique
0.4485020604704859,Risque moyen,Campagne personnalisée
0.6367257863020546,Risque élevé,Contact conseiller
0.053661888020700696,Faible risque,Fidélisation classique
0.3485347236197574,Risque moyen,Campagne personnalisée
0.05542041173360591,Faible risque,Fidélisation classique
0.4812379095093743,Risque moyen,Campagne personnalisée
0.3482721227907901,Risque moyen,Campagne personnalisée
0.04307369703614082,Faible risque,Fidélisation classique
0.8748913471488846,Très haut risque,Intervention prioritaire
0.059082959695113416,Faible risque,Fidélisation classique
0.05878668553300657,Faible risque,Fidélisation classique
0.6121667982669614,Risque élevé,Contact conseiller
0.2203517522784127,Faible risque,Fidélisation classique
0.057032640414861197,Faible risque,Fidélisation classique
0.16578341999097715,Faible risque,Fidélisation classique
0.8188404445195384,Très haut risque,Intervention prioritaire
0.7379209162580865,Risque élevé,Contact conseiller
0.7047293412766484,Risque élevé,Contact conseiller
0.5282899586310101,Risque moyen,Campagne personnalisée
0.5702202366526395,Risque moyen,Campagne personnalisée
0.057786465866212305,Faible risque,Fidélisation classique
0.057805897759109916,Faible risque,Fidélisation classique
0.7039057197205781,Risque élevé,Contact conseiller
0.052938815338381726,Faible risque,Fidélisation classique
0.16592986886775857,Faible risque,Fidélisation classique
0.3895757827696334,Risque moyen,Campagne personnalisée
0.6756448526167922,Risque élevé,Contact conseiller
0.03946722210049272,Faible risque,Fidélisation classique
0.06848717325344389,Faible risque,Fidélisation classique
0.05521223488935166,Faible risque,Fidélisation classique
0.07781851877215153,Faible risque,Fidélisation classique
0.2710928755318252,Faible risque,Fidélisation classique
0.65026855272079,Risque élevé,Contact conseiller
0.053789535074766165,Faible risque,Fidélisation classique
0.3828590799466624,Risque moyen,Campagne personnalisée
0.0410060951694159,Faible risque,Fidélisation classique
0.39807315553699507,Risque moyen,Campagne personnalisée
0.7886916832333528,Risque élevé,Contact conseiller
0.5905655613747621,Risque moyen,Campagne personnalisée
0.5098369476561625,Risque moyen,Campagne personnalisée
0.20938061378654493,Faible risque,Fidélisation classique
0.05446836682644948,Faible risque,Fidélisation classique
0.057948222244904035,Faible risque,Fidélisation classique
0.05452584730136008,Faible risque,Fidélisation classique
0.10252229680334825,Faible risque,Fidélisation classique
0.6851991918969292,Risque élevé,Contact conseiller
0.20068709898157872,Faible risque,Fidélisation classique
0.6412707848988235,Risque élevé,Contact conseiller
0.4884195722060076,Risque moyen,Campagne personnalisée
0.5,Risque moyen,Campagne personnalisée
0.38246287840801374,Risque moyen,Campagne personnalisée
0.47420413603855843,Risque moyen,Campagne personnalisée
0.06900315916783106,Faible risque,Fidélisation classique
0.058489161575825864,Faible risque,Fidélisation classique
0.591720871235945,Risque moyen,Campagne personnalisée
0.03671616153378811,Faible risque,Fidélisation classique
0.4504850480595275,Risque moyen,Campagne personnalisée
0.6420231244767941,Risque élevé,Contact conseiller
0.6721724733663327,Risque élevé,Contact conseiller
0.4159193967905002,Risque moyen,Campagne personnalisée
0.07292409318984858,Faible risque,Fidélisation classique
0.05802924550058937,Faible risque,Fidélisation classique
0.6164113387312549,Risque élevé,Contact conseiller
0.7969891164420364,Risque élevé,Contact conseiller
0.04109961029962679,Faible risque,Fidélisation classique
0.08399368301896169,Faible risque,Fidélisation classique
0.048960930181346875,Faible risque,Fidélisation classique
0.05785335009944058,Faible risque,Fidélisation classique
0.1289213488084955,Faible risque,Fidélisation classique
0.05957136818292224,Faible risque,Fidélisation classique
0.7077419708063186,Risque élevé,Contact conseiller
0.6790239711515467,Risque élevé,Contact conseiller
0.4257354813759728,Risque moyen,Campagne personnalisée
0.09745241647064082,Faible risque,Fidélisation classique
0.7920700065944186,Risque élevé,Contact conseiller
0.06123431942384603,Faible risque,Fidélisation classique
0.07327981778799618,Faible risque,Fidélisation classique
0.6073672116461072,Risque élevé,Contact conseiller
0.17281799527775923,Faible risque,Fidélisation classique
0.03321002706531649,Faible risque,Fidélisation classique
0.09466431930030555,Faible risque,Fidélisation classique
0.4703313821898469,Risque moyen,Campagne personnalisée
0.08566252969971358,Faible risque,Fidélisation classique
0.05728876459968916,Faible risque,Fidélisation classique
0.056929012169891054,Faible risque,Fidélisation classique
0.5273952440719488,Risque moyen,Campagne personnalisée
0.233184092373787,Faible risque,Fidélisation classique
0.6876447514283627,Risque élevé,Contact conseiller
0.09425778797263175,Faible risque,Fidélisation classique
0.5570482897635576,Risque moyen,Campagne personnalisée
0.6336805530303447,Risque élevé,Contact conseiller
0.3359070094918937,Risque moyen,Campagne personnalisée
0.29289999690750396,Faible risque,Fidélisation classique
0.06707145874840872,Faible risque,Fidélisation classique
0.06360747205362144,Faible risque,Fidélisation classique
0.052305995746746096,Faible risque,Fidélisation classique
0.7851473641630123,Risque élevé,Contact conseiller
0.13747769622870448,Faible risque,Fidélisation classique
0.03907598089360427,Faible risque,Fidélisation classique
0.454124769792023,Risque moyen,Campagne personnalisée
0.11721783942232818,Faible risque,Fidélisation classique
0.1922311531393561,Faible risque,Fidélisation classique
0.09307335860120237,Faible risque,Fidélisation classique
0.05538072809547832,Faible risque,Fidélisation classique
0.14088145413698544,Faible risque,Fidélisation classique
0.12614676636643438,Faible risque,Fidélisation classique
0.08106321372467096,Faible risque,Fidélisation classique
0.7257610434098036,Risque élevé,Contact conseiller
0.1248924032867418,Faible risque,Fidélisation classique
0.0558056849510124,Faible risque,Fidélisation classique
0.7027209444636903,Risque élevé,Contact conseiller
0.19171557012925103,Faible risque,Fidélisation classique
0.6748596743096321,Risque élevé,Contact conseiller
0.1198331900427073,Faible risque,Fidélisation classique
0.6885827398299641,Risque élevé,Contact conseiller
0.6759180741604816,Risque élevé,Contact conseiller
0.4796869409736092,Risque moyen,Campagne personnalisée
0.12842049553148246,Faible risque,Fidélisation classique
0.05409333837416754,Faible risque,Fidélisation classique
0.5,Risque moyen,Campagne personnalisée
0.8623231558240335,Très haut risque,Intervention prioritaire
0.8040676346314136,Très haut risque,Intervention prioritaire
0.514548853056218,Risque moyen,Campagne personnalisée
0.5900706206149293,Risque moyen,Campagne personnalisée
0.33226486689624474,Risque moyen,Campagne personnalisée
0.09370502505897917,Faible risque,Fidélisation classique
0.04433267195770729,Faible risque,Fidélisation classique
0.054526112337536764,Faible risque,Fidélisation classique
0.5060595191086917,Risque moyen,Campagne personnalisée
0.047841665627651686,Faible risque,Fidélisation classique
0.36662287852648323,Risque moyen,Campagne personnalisée
0.09555292086677225,Faible risque,Fidélisation classique
0.81695179402062,Très haut risque,Intervention prioritaire
0.1444677928210373,Faible risque,Fidélisation classique
0.5169625745446688,Risque moyen,Campagne personnalisée
0.6367808664869514,Risque élevé,Contact conseiller
0.06306117008951026,Faible risque,Fidélisation classique
0.05784242619220814,Faible risque,Fidélisation classique
0.05594858918292859,Faible risque,Fidélisation classique
0.06046449666026402,Faible risque,Fidélisation classique
0.055349552582627914,Faible risque,Fidélisation classique
0.1346028889840894,Faible risque,Fidélisation classique
0.5691383505053592,Risque moyen,Campagne personnalisée
0.055658184091101064,Faible risque,Fidélisation classique
0.11374556543272141,Faible risque,Fidélisation classique
0.3654168751714816,Risque moyen,Campagne personnalisée
0.08581382619349455,Faible risque,Fidélisation classique
0.05390865980182297,Faible risque,Fidélisation classique
0.5815171672447617,Risque moyen,Campagne personnalisée
0.4090360329861551,Risque moyen,Campagne personnalisée
0.2502559991983622,Faible risque,Fidélisation classique
0.8324714278938933,Très haut risque,Intervention prioritaire
0.04156208462618272,Faible risque,Fidélisation classique
0.4485102803809763,Risque moyen,Campagne personnalisée
0.3908869935327618,Risque moyen,Campagne personnalisée
0.055049629006441295,Faible risque,Fidélisation classique
0.7194053740193784,Risque élevé,Contact conseiller
0.06301238855397788,Faible risque,Fidélisation classique
0.8526784733831113,Très haut risque,Intervention prioritaire
0.05631587357226396,Faible risque,Fidélisation classique
0.06169368718586698,Faible risque,Fidélisation classique
0.060424281498580736,Faible risque,Fidélisation classique
0.20837897862111945,Faible risque,Fidélisation classique
0.15752004221785953,Faible risque,Fidélisation classique
0.054113131499385424,Faible risque,Fidélisation classique
0.18000661266021975,Faible risque,Fidélisation classique
0.6405328140169542,Risque élevé,Contact conseiller
0.042037021998758924,Faible risque,Fidélisation classique
0.6577939710895141,Risque élevé,Contact conseiller
0.6824882027677732,Risque élevé,Contact conseiller
0.2993798853327208,Faible risque,Fidélisation classique
0.05021956142481795,Faible risque,Fidélisation classique
0.05476549682154995,Faible risque,Fidélisation classique
0.8017778603590884,Très haut risque,Intervention prioritaire
0.44079770866968104,Risque moyen,Campagne personnalisée
0.07031800434663212,Faible risque,Fidélisation classique
0.49353783749041047,Risque moyen,Campagne personnalisée
0.06595549095285133,Faible risque,Fidélisation classique
0.30701982292926083,Risque moyen,Campagne personnalisée
0.2869359119244316,Faible risque,Fidélisation classique
0.09199611323371498,Faible risque,Fidélisation classique
0.0567130014354476,Faible risque,Fidélisation classique
0.22091896865293276,Faible risque,Fidélisation classique
0.332215543198643,Risque moyen,Campagne personnalisée
0.7582925504796133,Risque élevé,Contact conseiller
0.70847700419217,Risque élevé,Contact conseiller
0.05522007214787358,Faible risque,Fidélisation classique
0.7033327777237018,Risque élevé,Contact conseiller
0.855772804839957,Très haut risque,Intervention prioritaire
0.05558890231190435,Faible risque,Fidélisation classique
0.3037078671639624,Risque moyen,Campagne personnalisée
0.5259789762442704,Risque moyen,Campagne personnalisée
0.12054041558426598,Faible risque,Fidélisation classique
0.2898145397488395,Faible risque,Fidélisation classique
0.10282196913793021,Faible risque,Fidélisation classique
0.052029241431614255,Faible risque,Fidélisation classique
0.058118523575535215,Faible risque,Fidélisation classique
0.7073227633746163,Risque élevé,Contact conseiller
0.341011488963749,Risque moyen,Campagne personnalisée
0.46215664351448127,Risque moyen,Campagne personnalisée
0.05772927179896549,Faible risque,Fidélisation classique
0.04913392032741648,Faible risque,Fidélisation classique
0.05575876391076677,Faible risque,Fidélisation classique
0.33424925126736516,Risque moyen,Campagne personnalisée
0.06685208259275251,Faible risque,Fidélisation classique
0.06133204401494883,Faible risque,Fidélisation classique
0.5,Risque moyen,Campagne personnalisée
0.07938600481715659,Faible risque,Fidélisation classique
0.4639913337433631,Risque moyen,Campagne personnalisée
0.0540529821276819,Faible risque,Fidélisation classique
0.12072238930459483,Faible risque,Fidélisation classique
0.1275528664775519,Faible risque,Fidélisation classique
0.29667107673300863,Faible risque,Fidélisation classique
0.4792822027304288,Risque moyen,Campagne personnalisée
0.06152937824556831,Faible risque,Fidélisation classique
0.17210375482872595,Faible risque,Fidélisation classique
0.10610094810764835,Faible risque,Fidélisation classique
0.12622726108134283,Faible risque,Fidélisation classique
0.05068043898130881,Faible risque,Fidélisation classique
0.49321309536409147,Risque moyen,Campagne personnalisée
0.05882574314774509,Faible risque,Fidélisation classique
0.41032417990408065,Risque moyen,Campagne personnalisée
0.10115466675639856,Faible risque,Fidélisation classique
0.05875922784058476,Faible risque,Fidélisation classique
0.06615137364271133,Faible risque,Fidélisation classique
0.08098001047771362,Faible risque,Fidélisation classique
0.5,Risque moyen,Campagne personnalisée
0.0394367060155934,Faible risque,Fidélisation classique
0.09799161579607979,Faible risque,Fidélisation classique
0.04832718255984884,Faible risque,Fidélisation classique
0.3891545008220113,Risque moyen,Campagne personnalisée
0.06311344683576273,Faible risque,Fidélisation classique
0.6300820754388324,Risque élevé,Contact conseiller
0.6158120732052262,Risque élevé,Contact conseiller
0.054356375006142696,Faible risque,Fidélisation classique
0.10531342755305896,Faible risque,Fidélisation classique
0.2727776108923444,Faible risque,Fidélisation classique
0.7290059747007499,Risque élevé,Contact conseiller
0.6617617599493276,Risque élevé,Contact conseiller
0.055408051957437206,Faible risque,Fidélisation classique
0.03871151272793561,Faible risque,Fidélisation classique
0.04470809982156042,Faible risque,Fidélisation classique
0.06577785974066659,Faible risque,Fidélisation classique
0.054243068145860586,Faible risque,Fidélisation classique
0.05347002533880024,Faible risque,Fidélisation classique
0.6655819185677083,Risque élevé,Contact conseiller
0.47398670466398557,Risque moyen,Campagne personnalisée
0.039616116347696066,Faible risque,Fidélisation classique
0.4670665744333191,Risque moyen,Campagne personnalisée
0.09581461507627735,Faible risque,Fidélisation classique
0.10488674015471894,Faible risque,Fidélisation classique
0.5460655813592588,Risque moyen,Campagne personnalisée
0.05915972172622331,Faible risque,Fidélisation classique
0.3182987286790392,Risque moyen,Campagne personnalisée
0.7899079358207796,Risque élevé,Contact conseiller
0.09639143832800079,Faible risque,Fidélisation classique
0.08657398604474349,Faible risque,Fidélisation classique
0.053559674094889036,Faible risque,Fidélisation classique
0.11136058849082028,Faible risque,Fidélisation classique
0.24288641400669786,Faible risque,Fidélisation classique
0.15380962121261876,Faible risque,Fidélisation classique
0.1449048838472205,Faible risque,Fidélisation classique
0.19408625029552626,Faible risque,Fidélisation classique
0.3377431194135035,Risque moyen,Campagne personnalisée
0.3602157948581486,Risque moyen,Campagne personnalisée
0.836460665313922,Très haut risque,Intervention prioritaire
0.057907436358981934,Faible risque,Fidélisation classique
0.3433750035213367,Risque moyen,Campagne personnalisée
0.09588223147155625,Faible risque,Fidélisation classique
0.07089437232724446,Faible risque,Fidélisation classique
0.28044042484333903,Faible risque,Fidélisation classique
0.12376454119706205,Faible risque,Fidélisation classique
0.5583397663064731,Risque moyen,Campagne personnalisée
0.330717130470192,Risque moyen,Campagne personnalisée
0.051936911752659305,Faible risque,Fidélisation classique
0.08657633200626079,Faible risque,Fidélisation classique
0.5416093343970521,Risque moyen,Campagne personnalisée
0.38053999035901603,Risque moyen,Campagne personnalisée
0.6676129822041392,Risque élevé,Contact conseiller
0.060123631475104355,Faible risque,Fidélisation classique
0.1532672721460141,Faible risque,Fidélisation classique
0.2504064945220705,Faible risque,Fidélisation classique
0.05674507687744566,Faible risque,Fidélisation classique
0.21867177569405463,Faible risque,Fidélisation classique
0.08610928926657797,Faible risque,Fidélisation classique
0.4533843250466588,Risque moyen,Campagne personnalisée
0.13105615187542116,Faible risque,Fidélisation classique
0.46503938966174097,Risque moyen,Campagne personnalisée
0.06388198716081517,Faible risque,Fidélisation classique
0.5609569539783997,Risque moyen,Campagne personnalisée
0.20454757826159853,Faible risque,Fidélisation classique
0.04382984556380043,Faible risque,Fidélisation classique
0.7853323290702169,Risque élevé,Contact conseiller
0.03472545387409256,Faible risque,Fidélisation classique
0.472344769740504,Risque moyen,Campagne personnalisée
0.6831959819335126,Risque élevé,Contact conseiller
0.0825560709723724,Faible risque,Fidélisation classique
0.05362383570357045,Faible risque,Fidélisation classique
0.7281095845145126,Risque élevé,Contact conseiller
0.14809361635401064,Faible risque,Fidélisation classique
0.04796639870034361,Faible risque,Fidélisation classique
0.06459342559101075,Faible risque,Fidélisation classique
0.060862543939393055,Faible risque,Fidélisation classique
0.05360051178875828,Faible risque,Fidélisation classique
0.05688368227912156,Faible risque,Fidélisation classique
0.06841561387949814,Faible risque,Fidélisation classique
0.055143701596844855,Faible risque,Fidélisation classique
0.038649891424275044,Faible risque,Fidélisation classique
